{"cameraMode":{"drawMode":0,"name":"Shaded","section":"Shading Mode"},"sceneLighting":true,"audioPlay":false,"sceneViewState":{"showFog":true,"showMaterialUpdate":false,"showSkybox":true,"showFlares":true,"showImageEffects":true,"showParticleSystems":true},"in2DMode":false,"pivot":{"x":801.2415771484375,"y":63.7947883605957,"z":309.7208557128906},"rotation":{"x":0.10369611531496048,"y":0.7742854356765747,"z":-0.13156482577323914,"w":0.6102695465087891},"size":4.401927947998047,"orthographic":false}